{"freeAGO": [-5.315969467163086, -5.113418102264404, -6.028258323669434, -5.490305423736572, -5.415848255157471, -5.271178245544434, -5.31386137008667, -5.528253078460693, -5.318701267242432, -5.4927473068237305, -5.586984157562256, -5.45872688293457, -5.75167989730835, -4.995442867279053, -5.672244548797607, -5.88234281539917], "log_decay": 0.4239180386066437, "feature_coefs": [-1.6636474132537842, 0.12224038690328598, 0.04736703261733055, 0.9739876985549927], "nosite_conc": 0.0, "r2": 0.324789933990555, "final_loss": 992.7937622070312, "FEATURE_LIST": ["log_KA", "in_ORF", "logSA_diff", "Threep_canon", "PCT"], "PASSENGER": false, "KD_CUTOFF": 0.0, "TRAIN_MIRS": ["lsy6", "mir1", "mir124", "mir137", "mir139", "mir143", "mir144", "mir153", "mir155", "mir182", "mir199a", "mir204", "mir205", "mir216b", "mir223", "mir7"]}