{"freeAGO": [-5.270323753356934, -8.370148658752441, -5.458196640014648, -6.255456924438477, -6.0075178146362305, -8.565059661865234, -5.497497081756592, -5.923926830291748, -5.677675724029541, -6.931764125823975, -5.691253185272217, -6.096938133239746, -5.80425500869751, -6.091868877410889, -6.030906677246094, -6.6293768882751465, -5.477324962615967, -7.008443832397461, -5.775873184204102, -6.593321800231934, -5.8094611167907715, -6.7227020263671875, -5.835589408874512, -6.089090824127197, -5.693760395050049, -7.3324480056762695, -5.310624122619629, -6.137135028839111, -5.7454915046691895, -6.138209819793701, -5.9393744468688965, -8.204909324645996], "log_decay": 0.5735143423080444, "feature_coefs": [-1.7090857028961182, 0.11533742398023605, 0.09985063970088959, 0.9219825267791748], "nosite_conc": 0.0, "r2": 0.3516272935700931, "final_loss": 953.4112548828125, "FEATURE_LIST": ["log_KA", "in_ORF", "logSA_diff", "Threep_canon", "PCT"], "PASSENGER": true, "KD_CUTOFF": 0.0, "TRAIN_MIRS": ["lsy6", "lsy6_pass", "mir1", "mir1_pass", "mir124", "mir124_pass", "mir137", "mir137_pass", "mir139", "mir139_pass", "mir143", "mir143_pass", "mir144", "mir144_pass", "mir153", "mir153_pass", "mir155", "mir155_pass", "mir182", "mir182_pass", "mir199a", "mir199a_pass", "mir204", "mir204_pass", "mir205", "mir205_pass", "mir216b", "mir216b_pass", "mir223", "mir223_pass", "mir7", "mir7_pass"]}